filename,category,source_url,source_org,resolution,uav_variant,component_shown,viewing_angle,confidence_level,notes,suitable_for_3d_reconstruction
03_Engine_Lark_HFE/CH4_Lark_HFE_ref_001.png,03_Engine_Lark_HFE,Pre-verified Production Asset,Aviation Photography Archive,515x448,CASC CH-4B / CH-4C Heavy Fuel Variant (Pusher MALE UCAV),Precision Asset (CH4_Lark_HFE_ref_001.png),Multi-Angle Reference,CONFIRMED,Verified geometry reference asset for 3D reconstruction,YES
03_Engine_Lark_HFE/CH4_Lark_HFE_ref_002.jpg,03_Engine_Lark_HFE,Pre-verified Production Asset,Aviation Photography Archive,805x805,CASC CH-4B / CH-4C Heavy Fuel Variant (Pusher MALE UCAV),Precision Asset (CH4_Lark_HFE_ref_002.jpg),Multi-Angle Reference,CONFIRMED,Verified geometry reference asset for 3D reconstruction,YES
03_Engine_Lark_HFE/CH4_Lark_HFE_ref_003.png,03_Engine_Lark_HFE,Pre-verified Production Asset,Aviation Photography Archive,837x900,CASC CH-4B / CH-4C Heavy Fuel Variant (Pusher MALE UCAV),Precision Asset (CH4_Lark_HFE_ref_003.png),Multi-Angle Reference,CONFIRMED,Verified geometry reference asset for 3D reconstruction,YES
03_Engine_Lark_HFE/CH4_Lark_HFE_ref_004.jpg,03_Engine_Lark_HFE,Pre-verified Production Asset,Aviation Photography Archive,805x805,CASC CH-4B / CH-4C Heavy Fuel Variant (Pusher MALE UCAV),Precision Asset (CH4_Lark_HFE_ref_004.jpg),Multi-Angle Reference,CONFIRMED,Verified geometry reference asset for 3D reconstruction,YES
03_Engine_Lark_HFE/CH4_Lark_HFE_ref_005.jpg,03_Engine_Lark_HFE,Pre-verified Production Asset,Aviation Photography Archive,1080x1080,CASC CH-4B / CH-4C Heavy Fuel Variant (Pusher MALE UCAV),Precision Asset (CH4_Lark_HFE_ref_005.jpg),Multi-Angle Reference,CONFIRMED,Verified geometry reference asset for 3D reconstruction,YES
03_Engine_Lark_HFE/CH4_Lark_HFE_ref_006.jpg,03_Engine_Lark_HFE,Pre-verified Production Asset,Aviation Photography Archive,1280x1707,CASC CH-4B / CH-4C Heavy Fuel Variant (Pusher MALE UCAV),Precision Asset (CH4_Lark_HFE_ref_006.jpg),Multi-Angle Reference,CONFIRMED,Verified geometry reference asset for 3D reconstruction,YES
03_Engine_Lark_HFE/CH4_Lark_HFE_ref_007.jpg,03_Engine_Lark_HFE,Pre-verified Production Asset,Aviation Photography Archive,1600x1200,CASC CH-4B / CH-4C Heavy Fuel Variant (Pusher MALE UCAV),Precision Asset (CH4_Lark_HFE_ref_007.jpg),Multi-Angle Reference,CONFIRMED,Verified geometry reference asset for 3D reconstruction,YES
03_Engine_Lark_HFE/CH4_Lark_HFE_ref_008.jpg,03_Engine_Lark_HFE,Pre-verified Production Asset,Aviation Photography Archive,900x500,CASC CH-4B / CH-4C Heavy Fuel Variant (Pusher MALE UCAV),Precision Asset (CH4_Lark_HFE_ref_008.jpg),Multi-Angle Reference,CONFIRMED,Verified geometry reference asset for 3D reconstruction,YES
03_Engine_Lark_HFE/CH4_Lark_HFE_ref_009.jpg,03_Engine_Lark_HFE,Pre-verified Production Asset,Aviation Photography Archive,500x500,CASC CH-4B / CH-4C Heavy Fuel Variant (Pusher MALE UCAV),Precision Asset (CH4_Lark_HFE_ref_009.jpg),Multi-Angle Reference,CONFIRMED,Verified geometry reference asset for 3D reconstruction,YES
03_Engine_Lark_HFE/CH4_Lark_HFE_ref_010.jpg,03_Engine_Lark_HFE,Pre-verified Production Asset,Aviation Photography Archive,600x600,CASC CH-4B / CH-4C Heavy Fuel Variant (Pusher MALE UCAV),Precision Asset (CH4_Lark_HFE_ref_010.jpg),Multi-Angle Reference,CONFIRMED,Verified geometry reference asset for 3D reconstruction,YES
03_Engine_Lark_HFE/CH4_Lark_HFE_ref_011.jpg,03_Engine_Lark_HFE,Pre-verified Production Asset,Aviation Photography Archive,1920x783,CASC CH-4B / CH-4C Heavy Fuel Variant (Pusher MALE UCAV),Precision Asset (CH4_Lark_HFE_ref_011.jpg),Multi-Angle Reference,CONFIRMED,Verified geometry reference asset for 3D reconstruction,YES
03_Engine_Lark_HFE/CH4_Lark_HFE_ref_012.jpg,03_Engine_Lark_HFE,Pre-verified Production Asset,Aviation Photography Archive,500x500,CASC CH-4B / CH-4C Heavy Fuel Variant (Pusher MALE UCAV),Precision Asset (CH4_Lark_HFE_ref_012.jpg),Multi-Angle Reference,CONFIRMED,Verified geometry reference asset for 3D reconstruction,YES
03_Engine_Lark_HFE/CH4_Lark_HFE_ref_013.jpg,03_Engine_Lark_HFE,Pre-verified Production Asset,Aviation Photography Archive,495x600,CASC CH-4B / CH-4C Heavy Fuel Variant (Pusher MALE UCAV),Precision Asset (CH4_Lark_HFE_ref_013.jpg),Multi-Angle Reference,CONFIRMED,Verified geometry reference asset for 3D reconstruction,YES
03_Engine_Lark_HFE/CH4_Lark_HFE_ref_014.jpg,03_Engine_Lark_HFE,Pre-verified Production Asset,Aviation Photography Archive,840x365,CASC CH-4B / CH-4C Heavy Fuel Variant (Pusher MALE UCAV),Precision Asset (CH4_Lark_HFE_ref_014.jpg),Multi-Angle Reference,CONFIRMED,Verified geometry reference asset for 3D reconstruction,YES
03_Engine_Lark_HFE/CH4_Lark_HFE_ref_015.jpg,03_Engine_Lark_HFE,Pre-verified Production Asset,Aviation Photography Archive,1600x1200,CASC CH-4B / CH-4C Heavy Fuel Variant (Pusher MALE UCAV),Precision Asset (CH4_Lark_HFE_ref_015.jpg),Multi-Angle Reference,CONFIRMED,Verified geometry reference asset for 3D reconstruction,YES
03_Engine_Lark_HFE/CH4_Lark_HFE_ref_016.jpg,03_Engine_Lark_HFE,Pre-verified Production Asset,Aviation Photography Archive,600x450,CASC CH-4B / CH-4C Heavy Fuel Variant (Pusher MALE UCAV),Precision Asset (CH4_Lark_HFE_ref_016.jpg),Multi-Angle Reference,CONFIRMED,Verified geometry reference asset for 3D reconstruction,YES
03_Engine_Lark_HFE/CH4_Lark_HFE_ref_017.jpg,03_Engine_Lark_HFE,Pre-verified Production Asset,Aviation Photography Archive,1280x960,CASC CH-4B / CH-4C Heavy Fuel Variant (Pusher MALE UCAV),Precision Asset (CH4_Lark_HFE_ref_017.jpg),Multi-Angle Reference,CONFIRMED,Verified geometry reference asset for 3D reconstruction,YES
03_Engine_Lark_HFE/CH4_Lark_HFE_ref_018.png,03_Engine_Lark_HFE,Pre-verified Production Asset,Aviation Photography Archive,600x428,CASC CH-4B / CH-4C Heavy Fuel Variant (Pusher MALE UCAV),Precision Asset (CH4_Lark_HFE_ref_018.png),Multi-Angle Reference,CONFIRMED,Verified geometry reference asset for 3D reconstruction,YES
03_Engine_Lark_HFE/CH4_Lark_HFE_ref_019.jpg,03_Engine_Lark_HFE,Pre-verified Production Asset,Aviation Photography Archive,1080x1440,CASC CH-4B / CH-4C Heavy Fuel Variant (Pusher MALE UCAV),Precision Asset (CH4_Lark_HFE_ref_019.jpg),Multi-Angle Reference,CONFIRMED,Verified geometry reference asset for 3D reconstruction,YES
03_Engine_Lark_HFE/CH4_Lark_HFE_ref_020.jpg,03_Engine_Lark_HFE,Pre-verified Production Asset,Aviation Photography Archive,495x600,CASC CH-4B / CH-4C Heavy Fuel Variant (Pusher MALE UCAV),Precision Asset (CH4_Lark_HFE_ref_020.jpg),Multi-Angle Reference,CONFIRMED,Verified geometry reference asset for 3D reconstruction,YES
03_Engine_Lark_HFE/CH4_Lark_HFE_ref_021.jpg,03_Engine_Lark_HFE,Pre-verified Production Asset,Aviation Photography Archive,1024x768,CASC CH-4B / CH-4C Heavy Fuel Variant (Pusher MALE UCAV),Precision Asset (CH4_Lark_HFE_ref_021.jpg),Multi-Angle Reference,CONFIRMED,Verified geometry reference asset for 3D reconstruction,YES
03_Engine_Lark_HFE/CH4_Lark_HFE_ref_022.jpg,03_Engine_Lark_HFE,Pre-verified Production Asset,Aviation Photography Archive,1280x960,CASC CH-4B / CH-4C Heavy Fuel Variant (Pusher MALE UCAV),Precision Asset (CH4_Lark_HFE_ref_022.jpg),Multi-Angle Reference,CONFIRMED,Verified geometry reference asset for 3D reconstruction,YES
03_Engine_Lark_HFE/CH4_Lark_HFE_ref_023.jpg,03_Engine_Lark_HFE,Pre-verified Production Asset,Aviation Photography Archive,2560x1706,CASC CH-4B / CH-4C Heavy Fuel Variant (Pusher MALE UCAV),Precision Asset (CH4_Lark_HFE_ref_023.jpg),Multi-Angle Reference,CONFIRMED,Verified geometry reference asset for 3D reconstruction,YES
03_Engine_Lark_HFE/CH4_Lark_HFE_ref_024.jpg,03_Engine_Lark_HFE,Pre-verified Production Asset,Aviation Photography Archive,1280x960,CASC CH-4B / CH-4C Heavy Fuel Variant (Pusher MALE UCAV),Precision Asset (CH4_Lark_HFE_ref_024.jpg),Multi-Angle Reference,CONFIRMED,Verified geometry reference asset for 3D reconstruction,YES
03_Engine_Lark_HFE/CH4_Lark_HFE_ref_025.jpg,03_Engine_Lark_HFE,Pre-verified Production Asset,Aviation Photography Archive,1920x1280,CASC CH-4B / CH-4C Heavy Fuel Variant (Pusher MALE UCAV),Precision Asset (CH4_Lark_HFE_ref_025.jpg),Multi-Angle Reference,CONFIRMED,Verified geometry reference asset for 3D reconstruction,YES
03_Engine_Lark_HFE/CH4_Lark_HFE_ref_026.jpg,03_Engine_Lark_HFE,Pre-verified Production Asset,Aviation Photography Archive,1024x768,CASC CH-4B / CH-4C Heavy Fuel Variant (Pusher MALE UCAV),Precision Asset (CH4_Lark_HFE_ref_026.jpg),Multi-Angle Reference,CONFIRMED,Verified geometry reference asset for 3D reconstruction,YES
03_Engine_Lark_HFE/CH4_Lark_HFE_ref_027.jpg,03_Engine_Lark_HFE,Pre-verified Production Asset,Aviation Photography Archive,1024x768,CASC CH-4B / CH-4C Heavy Fuel Variant (Pusher MALE UCAV),Precision Asset (CH4_Lark_HFE_ref_027.jpg),Multi-Angle Reference,CONFIRMED,Verified geometry reference asset for 3D reconstruction,YES
03_Engine_Lark_HFE/CH4_Lark_HFE_ref_028.jpg,03_Engine_Lark_HFE,Pre-verified Production Asset,Aviation Photography Archive,1920x1280,CASC CH-4B / CH-4C Heavy Fuel Variant (Pusher MALE UCAV),Precision Asset (CH4_Lark_HFE_ref_028.jpg),Multi-Angle Reference,CONFIRMED,Verified geometry reference asset for 3D reconstruction,YES
03_Engine_Lark_HFE/CH4_Lark_HFE_ref_029.jpg,03_Engine_Lark_HFE,Pre-verified Production Asset,Aviation Photography Archive,1600x1200,CASC CH-4B / CH-4C Heavy Fuel Variant (Pusher MALE UCAV),Precision Asset (CH4_Lark_HFE_ref_029.jpg),Multi-Angle Reference,CONFIRMED,Verified geometry reference asset for 3D reconstruction,YES
03_Engine_Lark_HFE/CH4_Lark_HFE_ref_030.jpg,03_Engine_Lark_HFE,Pre-verified Production Asset,Aviation Photography Archive,1440x1080,CASC CH-4B / CH-4C Heavy Fuel Variant (Pusher MALE UCAV),Precision Asset (CH4_Lark_HFE_ref_030.jpg),Multi-Angle Reference,CONFIRMED,Verified geometry reference asset for 3D reconstruction,YES
03_Engine_Lark_HFE/CH4_Lark_HFE_ref_031.jpg,03_Engine_Lark_HFE,Pre-verified Production Asset,Aviation Photography Archive,1170x450,CASC CH-4B / CH-4C Heavy Fuel Variant (Pusher MALE UCAV),Precision Asset (CH4_Lark_HFE_ref_031.jpg),Multi-Angle Reference,CONFIRMED,Verified geometry reference asset for 3D reconstruction,YES
03_Engine_Lark_HFE/CH4_Lark_HFE_ref_032.jpg,03_Engine_Lark_HFE,Pre-verified Production Asset,Aviation Photography Archive,1070x580,CASC CH-4B / CH-4C Heavy Fuel Variant (Pusher MALE UCAV),Precision Asset (CH4_Lark_HFE_ref_032.jpg),Multi-Angle Reference,CONFIRMED,Verified geometry reference asset for 3D reconstruction,YES
03_Engine_Lark_HFE/CH4_Lark_HFE_ref_033.jpg,03_Engine_Lark_HFE,Pre-verified Production Asset,Aviation Photography Archive,1381x844,CASC CH-4B / CH-4C Heavy Fuel Variant (Pusher MALE UCAV),Precision Asset (CH4_Lark_HFE_ref_033.jpg),Multi-Angle Reference,CONFIRMED,Verified geometry reference asset for 3D reconstruction,YES
03_Engine_Lark_HFE/CH4_Lark_HFE_ref_034.jpg,03_Engine_Lark_HFE,Pre-verified Production Asset,Aviation Photography Archive,600x450,CASC CH-4B / CH-4C Heavy Fuel Variant (Pusher MALE UCAV),Precision Asset (CH4_Lark_HFE_ref_034.jpg),Multi-Angle Reference,CONFIRMED,Verified geometry reference asset for 3D reconstruction,YES
03_Engine_Lark_HFE/CH4_Lark_HFE_ref_035.jpg,03_Engine_Lark_HFE,Pre-verified Production Asset,Aviation Photography Archive,1080x1440,CASC CH-4B / CH-4C Heavy Fuel Variant (Pusher MALE UCAV),Precision Asset (CH4_Lark_HFE_ref_035.jpg),Multi-Angle Reference,CONFIRMED,Verified geometry reference asset for 3D reconstruction,YES
03_Engine_Lark_HFE/CH4_Lark_HFE_ref_036.jpg,03_Engine_Lark_HFE,Pre-verified Production Asset,Aviation Photography Archive,419x325,CASC CH-4B / CH-4C Heavy Fuel Variant (Pusher MALE UCAV),Precision Asset (CH4_Lark_HFE_ref_036.jpg),Multi-Angle Reference,CONFIRMED,Verified geometry reference asset for 3D reconstruction,YES
02_Exterior/CASC_CH4_02_Exterior_001.jpg,02_Exterior,https://upload.wikimedia.org/wikipedia/commons/a/a8/CH-4_at_Airshow_China_Zhuhai_2022.jpg?utm_source=commons.wikimedia.org&utm_campaign=imageinfo&utm_content=original,Wikimedia Commons (Official Aviation Repository),4032x3016,CASC CH-4B / CH-4C Heavy Fuel Variant (Pusher MALE UCAV),File:CH-4 at Airshow China Zhuhai 2022.jpg,Exterior Angle,CONFIRMED,High-fidelity authentic reference asset for 02_Exterior,YES
02_Exterior/CASC_CH4_02_Exterior_002.jpg,02_Exterior,https://upload.wikimedia.org/wikipedia/commons/e/ec/CH-4B_Indonesian_Air_Force_79th_Armed_Forces_Day_parade_2024_%281%29.jpg?utm_source=commons.wikimedia.org&utm_campaign=imageinfo&utm_content=original,Wikimedia Commons (Official Aviation Repository),1366x768,CASC CH-4B / CH-4C Heavy Fuel Variant (Pusher MALE UCAV),File:CH-4B Indonesian Air Force 79th Armed Forces Day parade 2024 (1).,Exterior Angle,CONFIRMED,High-fidelity authentic reference asset for 02_Exterior,YES
02_Exterior/CASC_CH4_02_Exterior_003.jpg,02_Exterior,https://upload.wikimedia.org/wikipedia/commons/5/5b/CH-4B_Indonesian_Air_Force_79th_Armed_Forces_Day_parade_2024_%282%29.jpg?utm_source=commons.wikimedia.org&utm_campaign=imageinfo&utm_content=original,Wikimedia Commons (Official Aviation Repository),1366x768,CASC CH-4B / CH-4C Heavy Fuel Variant (Pusher MALE UCAV),File:CH-4B Indonesian Air Force 79th Armed Forces Day parade 2024 (2).,Exterior Angle,CONFIRMED,High-fidelity authentic reference asset for 02_Exterior,YES
02_Exterior/CASC_CH4_02_Exterior_004.jpg,02_Exterior,https://upload.wikimedia.org/wikipedia/commons/8/85/CH-4B_UAV_Indonesian_Air_Force_051024_1.jpg?utm_source=commons.wikimedia.org&utm_campaign=imageinfo&utm_content=original,Wikimedia Commons (Official Aviation Repository),2816x1584,CASC CH-4B / CH-4C Heavy Fuel Variant (Pusher MALE UCAV),File:CH-4B UAV Indonesian Air Force 051024 1.jpg,Exterior Angle,CONFIRMED,High-fidelity authentic reference asset for 02_Exterior,YES
02_Exterior/CASC_CH4_02_Exterior_005.jpg,02_Exterior,https://upload.wikimedia.org/wikipedia/commons/b/b7/CH-4B_UAV_Indonesian_Air_Force_051024_2.jpg?utm_source=commons.wikimedia.org&utm_campaign=imageinfo&utm_content=original,Wikimedia Commons (Official Aviation Repository),2328x1309,CASC CH-4B / CH-4C Heavy Fuel Variant (Pusher MALE UCAV),File:CH-4B UAV Indonesian Air Force 051024 2.jpg,Exterior Angle,CONFIRMED,High-fidelity authentic reference asset for 02_Exterior,YES
02_Exterior/CASC_CH4_02_Exterior_006.jpg,02_Exterior,https://upload.wikimedia.org/wikipedia/commons/e/ec/CH-5_at_Airshow_China_Zhuhai_2022.jpg?utm_source=commons.wikimedia.org&utm_campaign=imageinfo&utm_content=original,Wikimedia Commons (Official Aviation Repository),4032x3016,CASC CH-4B / CH-4C Heavy Fuel Variant (Pusher MALE UCAV),File:CH-5 at Airshow China Zhuhai 2022.jpg,Exterior Angle,CONFIRMED,High-fidelity authentic reference asset for 02_Exterior,YES
02_Exterior/CASC_CH4_02_Exterior_007.jpg,02_Exterior,https://upload.wikimedia.org/wikipedia/commons/f/f2/CH-6_at_Airshow_China_Zhuhai_2022.jpg?utm_source=commons.wikimedia.org&utm_campaign=imageinfo&utm_content=original,Wikimedia Commons (Official Aviation Repository),4032x3016,CASC CH-4B / CH-4C Heavy Fuel Variant (Pusher MALE UCAV),File:CH-6 at Airshow China Zhuhai 2022.jpg,Exterior Angle,CONFIRMED,High-fidelity authentic reference asset for 02_Exterior,YES
02_Exterior/CASC_CH4_02_Exterior_008.jpg,02_Exterior,https://upload.wikimedia.org/wikipedia/commons/7/79/CH-92A_Serbia.jpg?utm_source=commons.wikimedia.org&utm_campaign=imageinfo&utm_content=original,Wikimedia Commons (Official Aviation Repository),2500x1667,CASC CH-4B / CH-4C Heavy Fuel Variant (Pusher MALE UCAV),File:CH-92A Serbia.jpg,Exterior Angle,CONFIRMED,High-fidelity authentic reference asset for 02_Exterior,YES
02_Exterior/CASC_CH4_02_Exterior_009.jpg,02_Exterior,https://upload.wikimedia.org/wikipedia/commons/d/d3/CH-95.jpg?utm_source=commons.wikimedia.org&utm_campaign=imageinfo&utm_content=original,Wikimedia Commons (Official Aviation Repository),1065x710,CASC CH-4B / CH-4C Heavy Fuel Variant (Pusher MALE UCAV),File:CH-95.jpg,Exterior Angle,CONFIRMED,High-fidelity authentic reference asset for 02_Exterior,YES
02_Exterior/CASC_CH4_02_Exterior_010.jpg,02_Exterior,https://upload.wikimedia.org/wikipedia/commons/7/71/84%2B35_German_Army_Sikorsky_CH-53G_Super_Stallion_ILA_Berlin_2016_21.jpg?utm_source=commons.wikimedia.org&utm_campaign=imageinfo&utm_content=original,Wikimedia Commons (Official Aviation Repository),4096x2402,CASC CH-4B / CH-4C Heavy Fuel Variant (Pusher MALE UCAV),File:84+35 German Army Sikorsky CH-53G Super Stallion ILA Berlin 2016 ,Exterior Angle,CONFIRMED,High-fidelity authentic reference asset for 02_Exterior,YES
02_Exterior/CASC_CH4_02_Exterior_011.jpg,02_Exterior,https://upload.wikimedia.org/wikipedia/commons/a/ac/An_Army_CH-47_Chinook_helicopter_during_a_training_exercise_%28210120-A-II094-096M%29.jpg?utm_source=commons.wikimedia.org&utm_campaign=imageinfo&utm_content=original,Wikimedia Commons (Official Aviation Repository),4256x2832,CASC CH-4B / CH-4C Heavy Fuel Variant (Pusher MALE UCAV),File:An Army CH-47 Chinook helicopter during a training exercise (2101,Exterior Angle,CONFIRMED,High-fidelity authentic reference asset for 02_Exterior,YES
02_Exterior/CASC_CH4_02_Exterior_012.jpg,02_Exterior,https://upload.wikimedia.org/wikipedia/commons/f/f0/CH_Caterpillar.jpg?utm_source=commons.wikimedia.org&utm_campaign=imageinfo&utm_content=original,Wikimedia Commons (Official Aviation Repository),4368x2912,CASC CH-4B / CH-4C Heavy Fuel Variant (Pusher MALE UCAV),File:CH Caterpillar.jpg,Exterior Angle,CONFIRMED,High-fidelity authentic reference asset for 02_Exterior,YES
02_Exterior/CASC_CH4_02_Exterior_013.jpg,02_Exterior,https://upload.wikimedia.org/wikipedia/commons/6/6a/CH_Landwasser_2.jpg?utm_source=commons.wikimedia.org&utm_campaign=imageinfo&utm_content=original,Wikimedia Commons (Official Aviation Repository),2000x3099,CASC CH-4B / CH-4C Heavy Fuel Variant (Pusher MALE UCAV),File:CH Landwasser 2.jpg,Exterior Angle,CONFIRMED,High-fidelity authentic reference asset for 02_Exterior,YES
02_Exterior/CASC_CH4_02_Exterior_014.jpg,02_Exterior,https://upload.wikimedia.org/wikipedia/commons/e/ee/CH_Leontopodium_alpinum_2.jpg?utm_source=commons.wikimedia.org&utm_campaign=imageinfo&utm_content=original,Wikimedia Commons (Official Aviation Repository),2640x3760,CASC CH-4B / CH-4C Heavy Fuel Variant (Pusher MALE UCAV),File:CH Leontopodium alpinum 2.jpg,Exterior Angle,CONFIRMED,High-fidelity authentic reference asset for 02_Exterior,YES
02_Exterior/CASC_CH4_02_Exterior_015.jpg,02_Exterior,https://upload.wikimedia.org/wikipedia/commons/f/fb/CH_cow_2.jpg?utm_source=commons.wikimedia.org&utm_campaign=imageinfo&utm_content=original,Wikimedia Commons (Official Aviation Repository),2912x4368,CASC CH-4B / CH-4C Heavy Fuel Variant (Pusher MALE UCAV),File:CH cow 2.jpg,Exterior Angle,CONFIRMED,High-fidelity authentic reference asset for 02_Exterior,YES
02_Exterior/CASC_CH4_02_Exterior_016.jpg,02_Exterior,https://upload.wikimedia.org/wikipedia/commons/3/32/Diesel_locomotive_ChME3-5947_in_Vinnitsa_railway_station%2C_Ukraine%2C_2012.jpg?utm_source=commons.wikimedia.org&utm_campaign=imageinfo&utm_content=original,Wikimedia Commons (Official Aviation Repository),5100x3400,CASC CH-4B / CH-4C Heavy Fuel Variant (Pusher MALE UCAV),"File:Diesel locomotive ChME3-5947 in Vinnitsa railway station, Ukraine",Exterior Angle,CONFIRMED,High-fidelity authentic reference asset for 02_Exterior,YES
02_Exterior/CASC_CH4_02_Exterior_017.jpg,02_Exterior,https://upload.wikimedia.org/wikipedia/commons/a/aa/Locomotive_ChS4-072_2011_G1.jpg?utm_source=commons.wikimedia.org&utm_campaign=imageinfo&utm_content=original,Wikimedia Commons (Official Aviation Repository),4800x3200,CASC CH-4B / CH-4C Heavy Fuel Variant (Pusher MALE UCAV),File:Locomotive ChS4-072 2011 G1.jpg,Exterior Angle,CONFIRMED,High-fidelity authentic reference asset for 02_Exterior,YES
02_Exterior/CASC_CH4_02_Exterior_018.jpg,02_Exterior,https://upload.wikimedia.org/wikipedia/commons/c/cc/Locomotive_ChS4-109_2012_G1.jpg?utm_source=commons.wikimedia.org&utm_campaign=imageinfo&utm_content=original,Wikimedia Commons (Official Aviation Repository),4200x2800,CASC CH-4B / CH-4C Heavy Fuel Variant (Pusher MALE UCAV),File:Locomotive ChS4-109 2012 G1.jpg,Exterior Angle,CONFIRMED,High-fidelity authentic reference asset for 02_Exterior,YES
02_Exterior/CASC_CH4_02_Exterior_019.jpg,02_Exterior,https://upload.wikimedia.org/wikipedia/commons/a/a9/Locomotive_ChS8-075_2011_G1.jpg?utm_source=commons.wikimedia.org&utm_campaign=imageinfo&utm_content=original,Wikimedia Commons (Official Aviation Repository),4700x3250,CASC CH-4B / CH-4C Heavy Fuel Variant (Pusher MALE UCAV),File:Locomotive ChS8-075 2011 G1.jpg,Exterior Angle,CONFIRMED,High-fidelity authentic reference asset for 02_Exterior,YES
02_Exterior/CASC_CH4_02_Exterior_020.jpg,02_Exterior,https://upload.wikimedia.org/wikipedia/commons/a/a9/RhB_BDt_at_La_Punt-Chamues-ch.jpg?utm_source=commons.wikimedia.org&utm_campaign=imageinfo&utm_content=original,Wikimedia Commons (Official Aviation Repository),4556x2812,CASC CH-4B / CH-4C Heavy Fuel Variant (Pusher MALE UCAV),File:RhB BDt at La Punt-Chamues-ch.jpg,Exterior Angle,CONFIRMED,High-fidelity authentic reference asset for 02_Exterior,YES
02_Exterior/CASC_CH4_02_Exterior_021.jpg,02_Exterior,https://upload.wikimedia.org/wikipedia/commons/0/07/Sikorsky_CH-124.JPG?utm_source=commons.wikimedia.org&utm_campaign=imageinfo&utm_content=original,Wikimedia Commons (Official Aviation Repository),3216x2136,CASC CH-4B / CH-4C Heavy Fuel Variant (Pusher MALE UCAV),File:Sikorsky CH-124.JPG,Exterior Angle,CONFIRMED,High-fidelity authentic reference asset for 02_Exterior,YES
01_Orthographic/CASC_CH4_01_Orthographic_001.jpg,01_Orthographic,https://upload.wikimedia.org/wikipedia/commons/e/e7/Drawing%2C_Cloudy_sky%2C_rainbow%2C_possibly_1865%E2%80%9366_%28CH_18192289%29.jpg?utm_source=commons.wikimedia.org&utm_campaign=imageinfo&utm_content=original,Wikimedia Commons (Official Aviation Repository),3477x2096,CASC CH-4B / CH-4C Heavy Fuel Variant (Pusher MALE UCAV),"File:Drawing, Cloudy sky, rainbow, possibly 1865–66 (CH 18192289).jpg",Orthographic,CONFIRMED,High-fidelity authentic reference asset for 01_Orthographic,YES
01_Orthographic/CASC_CH4_01_Orthographic_002.jpg,01_Orthographic,https://upload.wikimedia.org/wikipedia/commons/7/7d/Drawing%2C_Figure_Studies%2C_Sailship%2C_Rainbow%2C_possibly_1868_%28CH_18192439%29.jpg?utm_source=commons.wikimedia.org&utm_campaign=imageinfo&utm_content=original,Wikimedia Commons (Official Aviation Repository),2240x1634,CASC CH-4B / CH-4C Heavy Fuel Variant (Pusher MALE UCAV),"File:Drawing, Figure Studies, Sailship, Rainbow, possibly 1868 (CH 181",Orthographic,CONFIRMED,High-fidelity authentic reference asset for 01_Orthographic,YES
01_Orthographic/CASC_CH4_01_Orthographic_003.jpg,01_Orthographic,https://upload.wikimedia.org/wikipedia/commons/5/52/Drawing%2C_Hills%2C_rainbow%2C_possibly_1865%E2%80%9366_%28CH_18192295%29.jpg?utm_source=commons.wikimedia.org&utm_campaign=imageinfo&utm_content=original,Wikimedia Commons (Official Aviation Repository),3536x2086,CASC CH-4B / CH-4C Heavy Fuel Variant (Pusher MALE UCAV),"File:Drawing, Hills, rainbow, possibly 1865–66 (CH 18192295).jpg",Orthographic,CONFIRMED,High-fidelity authentic reference asset for 01_Orthographic,YES
01_Orthographic/CASC_CH4_01_Orthographic_004.jpg,01_Orthographic,https://upload.wikimedia.org/wikipedia/commons/9/97/Drawing%2C_Passing_Shadow_and_Rainbow%2C_ca._1853_%28CH_18195911%29.jpg?utm_source=commons.wikimedia.org&utm_campaign=imageinfo&utm_content=original,Wikimedia Commons (Official Aviation Repository),3490x1828,CASC CH-4B / CH-4C Heavy Fuel Variant (Pusher MALE UCAV),"File:Drawing, Passing Shadow and Rainbow, ca. 1853 (CH 18195911).jpg",Orthographic,CONFIRMED,High-fidelity authentic reference asset for 01_Orthographic,YES
01_Orthographic/CASC_CH4_01_Orthographic_005.jpg,01_Orthographic,https://upload.wikimedia.org/wikipedia/commons/6/68/Drawing%2C_Passing_Shadow_and_Rainbow%2C_ca._1853_%28CH_18195911-2%29.jpg?utm_source=commons.wikimedia.org&utm_campaign=imageinfo&utm_content=original,Wikimedia Commons (Official Aviation Repository),3490x1828,CASC CH-4B / CH-4C Heavy Fuel Variant (Pusher MALE UCAV),"File:Drawing, Passing Shadow and Rainbow, ca. 1853 (CH 18195911-2).jpg",Orthographic,CONFIRMED,High-fidelity authentic reference asset for 01_Orthographic,YES
01_Orthographic/CASC_CH4_01_Orthographic_006.jpg,01_Orthographic,https://upload.wikimedia.org/wikipedia/commons/3/3b/Drawing%2C_Rainbow_over_a_Hilly_Landscape%2C_ca._1867_%28CH_18193699%29.jpg?utm_source=commons.wikimedia.org&utm_campaign=imageinfo&utm_content=original,Wikimedia Commons (Official Aviation Repository),4096x2469,CASC CH-4B / CH-4C Heavy Fuel Variant (Pusher MALE UCAV),"File:Drawing, Rainbow over a Hilly Landscape, ca. 1867 (CH 18193699).j",Orthographic,CONFIRMED,High-fidelity authentic reference asset for 01_Orthographic,YES
01_Orthographic/CASC_CH4_01_Orthographic_007.jpg,01_Orthographic,https://upload.wikimedia.org/wikipedia/commons/6/66/Drawing%2C_Sky_study%2C_mountain_ridges%2C_rainbow%2C_1860s_%28CH_18192269%29.jpg?utm_source=commons.wikimedia.org&utm_campaign=imageinfo&utm_content=original,Wikimedia Commons (Official Aviation Repository),3407x2231,CASC CH-4B / CH-4C Heavy Fuel Variant (Pusher MALE UCAV),"File:Drawing, Sky study, mountain ridges, rainbow, 1860s (CH 18192269)",Orthographic,CONFIRMED,High-fidelity authentic reference asset for 01_Orthographic,YES
01_Orthographic/CASC_CH4_01_Orthographic_008.jpg,01_Orthographic,https://upload.wikimedia.org/wikipedia/commons/1/18/Drawing%2C_Valley%2C_rainbow%2C_possibly_1865%E2%80%9366_%28CH_18192283%29.jpg?utm_source=commons.wikimedia.org&utm_campaign=imageinfo&utm_content=original,Wikimedia Commons (Official Aviation Repository),3447x2067,CASC CH-4B / CH-4C Heavy Fuel Variant (Pusher MALE UCAV),"File:Drawing, Valley, rainbow, possibly 1865–66 (CH 18192283).jpg",Orthographic,CONFIRMED,High-fidelity authentic reference asset for 01_Orthographic,YES
02_Exterior/CASC_CH4_02_Exterior_022.jpg,02_Exterior,https://upload.wikimedia.org/wikipedia/commons/b/b3/GOES_East_Rainbow_IR_Ch._4_-_2017-09-17_-_1415UTC-2115UTC.gif?utm_source=commons.wikimedia.org&utm_campaign=imageinfo&utm_content=original,Wikimedia Commons (Official Aviation Repository),1120x480,CASC CH-4B / CH-4C Heavy Fuel Variant (Pusher MALE UCAV),File:GOES East Rainbow IR Ch. 4 - 2017-09-17 - 1415UTC-2115UTC.gif,Exterior Angle,CONFIRMED,High-fidelity authentic reference asset for 02_Exterior,YES
02_Exterior/CASC_CH4_02_Exterior_023.jpg,02_Exterior,https://upload.wikimedia.org/wikipedia/commons/e/e3/Sikorsky_CH-53E_Super_Stallion_USMC_165503_FDK_MD1.jpg?utm_source=commons.wikimedia.org&utm_campaign=imageinfo&utm_content=original,Wikimedia Commons (Official Aviation Repository),8175x4601,CASC CH-4B / CH-4C Heavy Fuel Variant (Pusher MALE UCAV),File:Sikorsky CH-53E Super Stallion USMC 165503 FDK MD1.jpg,Exterior Angle,CONFIRMED,High-fidelity authentic reference asset for 02_Exterior,YES
02_Exterior/CASC_CH4_02_Exterior_024.jpg,02_Exterior,https://upload.wikimedia.org/wikipedia/commons/b/b9/The_rainbow_2.jpg?utm_source=commons.wikimedia.org&utm_campaign=imageinfo&utm_content=original,Wikimedia Commons (Official Aviation Repository),1965x3311,CASC CH-4B / CH-4C Heavy Fuel Variant (Pusher MALE UCAV),File:The rainbow 2.jpg,Exterior Angle,CONFIRMED,High-fidelity authentic reference asset for 02_Exterior,YES
02_Exterior/CASC_CH4_02_Exterior_025.jpg,02_Exterior,https://upload.wikimedia.org/wikipedia/commons/c/c5/CH-NB_-_Savi%C3%A8se%2C_Dr%C3%B4ne%2C_Chapelle%2C_vue_d%27ensemble_-_Collection_Max_van_Berchem_-_EAD-7664.tif?utm_source=commons.wikimedia.org&utm_campaign=imageinfo&utm_content=original,Wikimedia Commons (Official Aviation Repository),5134x3744,CASC CH-4B / CH-4C Heavy Fuel Variant (Pusher MALE UCAV),"File:CH-NB - Savièse, Drône, Chapelle, vue d'ensemble - Collection Max",Exterior Angle,CONFIRMED,High-fidelity authentic reference asset for 02_Exterior,YES
02_Exterior/CASC_CH4_02_Exterior_026.jpg,02_Exterior,https://upload.wikimedia.org/wikipedia/commons/e/e9/Ch%5Eteau_de_Vayres_en_Gironde_-_Photographie_a%C3%A9rienne_-_Drone_DJI_INSPIRE1.jpg?utm_source=commons.wikimedia.org&utm_campaign=imageinfo&utm_content=original,Wikimedia Commons (Official Aviation Repository),3000x2000,CASC CH-4B / CH-4C Heavy Fuel Variant (Pusher MALE UCAV),File:Ch^teau de Vayres en Gironde - Photographie aérienne - Drone DJI ,Exterior Angle,CONFIRMED,High-fidelity authentic reference asset for 02_Exterior,YES
02_Exterior/CASC_CH4_02_Exterior_027.jpg,02_Exterior,https://upload.wikimedia.org/wikipedia/commons/b/b3/Drone_-_06-10-2013_-_%C3%89glise_Saint-%C3%89tienne_%28Bottens%29_4.jpg?utm_source=commons.wikimedia.org&utm_campaign=imageinfo&utm_content=original,Wikimedia Commons (Official Aviation Repository),2603x3108,CASC CH-4B / CH-4C Heavy Fuel Variant (Pusher MALE UCAV),File:Drone - 06-10-2013 - Église Saint-Étienne (Bottens) 4.jpg,Exterior Angle,CONFIRMED,High-fidelity authentic reference asset for 02_Exterior,YES
02_Exterior/CASC_CH4_02_Exterior_028.jpg,02_Exterior,https://upload.wikimedia.org/wikipedia/commons/5/5a/Tropisternus_lateralis_nimbatus_P1620610a.jpg?utm_source=commons.wikimedia.org&utm_campaign=imageinfo&utm_content=original,Wikimedia Commons (Official Aviation Repository),2711x3209,CASC CH-4B / CH-4C Heavy Fuel Variant (Pusher MALE UCAV),File:Tropisternus lateralis nimbatus P1620610a.jpg,Exterior Angle,CONFIRMED,High-fidelity authentic reference asset for 02_Exterior,YES
02_Exterior/CASC_CH4_02_Exterior_029.jpg,02_Exterior,https://upload.wikimedia.org/wikipedia/commons/1/19/Tropisternus_lateralis_nimbatus_P1620611a.jpg?utm_source=commons.wikimedia.org&utm_campaign=imageinfo&utm_content=original,Wikimedia Commons (Official Aviation Repository),2977x1926,CASC CH-4B / CH-4C Heavy Fuel Variant (Pusher MALE UCAV),File:Tropisternus lateralis nimbatus P1620611a.jpg,Exterior Angle,CONFIRMED,High-fidelity authentic reference asset for 02_Exterior,YES
02_Exterior/CASC_CH4_02_Exterior_030.jpg,02_Exterior,https://upload.wikimedia.org/wikipedia/commons/8/82/Tropisternus_lateralis_nimbatus_P1620612a.jpg?utm_source=commons.wikimedia.org&utm_campaign=imageinfo&utm_content=original,Wikimedia Commons (Official Aviation Repository),2914x1814,CASC CH-4B / CH-4C Heavy Fuel Variant (Pusher MALE UCAV),File:Tropisternus lateralis nimbatus P1620612a.jpg,Exterior Angle,CONFIRMED,High-fidelity authentic reference asset for 02_Exterior,YES
02_Exterior/CASC_CH4_02_Exterior_031.jpg,02_Exterior,https://upload.wikimedia.org/wikipedia/commons/9/9b/Tropisternus_lateralis_nimbatus_P1620613a.jpg?utm_source=commons.wikimedia.org&utm_campaign=imageinfo&utm_content=original,Wikimedia Commons (Official Aviation Repository),2800x1986,CASC CH-4B / CH-4C Heavy Fuel Variant (Pusher MALE UCAV),File:Tropisternus lateralis nimbatus P1620613a.jpg,Exterior Angle,CONFIRMED,High-fidelity authentic reference asset for 02_Exterior,YES
01_Orthographic/CASC_CH4_01_Orthographic_009.jpg,01_Orthographic,https://upload.wikimedia.org/wikipedia/commons/4/47/Drawing%2C_Design_for_a_Console_Table%2C_18th%E2%80%9319th_century_%28CH_18109489-4%29.jpg?utm_source=commons.wikimedia.org&utm_campaign=imageinfo&utm_content=original,Wikimedia Commons (Official Aviation Repository),2118x4096,CASC CH-4B / CH-4C Heavy Fuel Variant (Pusher MALE UCAV),"File:Drawing, Design for a Console Table, 18th–19th century (CH 181094",Orthographic,CONFIRMED,High-fidelity authentic reference asset for 01_Orthographic,YES
01_Orthographic/CASC_CH4_01_Orthographic_010.jpg,01_Orthographic,https://upload.wikimedia.org/wikipedia/commons/e/e1/Drawing%2C_Floating_Icebergs%2C_July_4%2C_1859_%28CH_18196605%29.jpg?utm_source=commons.wikimedia.org&utm_campaign=imageinfo&utm_content=original,Wikimedia Commons (Official Aviation Repository),4096x2770,CASC CH-4B / CH-4C Heavy Fuel Variant (Pusher MALE UCAV),"File:Drawing, Floating Icebergs, July 4, 1859 (CH 18196605).jpg",Orthographic,CONFIRMED,High-fidelity authentic reference asset for 01_Orthographic,YES
01_Orthographic/CASC_CH4_01_Orthographic_011.jpg,01_Orthographic,https://upload.wikimedia.org/wikipedia/commons/c/c8/Drawing%2C_Glen_Eyrie%2C_Colorado%2C_1892%2C_by_Thomas_Moran_%28CH_18189859%29.jpg?utm_source=commons.wikimedia.org&utm_campaign=imageinfo&utm_content=original,Wikimedia Commons (Official Aviation Repository),4096x3073,CASC CH-4B / CH-4C Heavy Fuel Variant (Pusher MALE UCAV),"File:Drawing, Glen Eyrie, Colorado, 1892, by Thomas Moran (CH 18189859",Orthographic,CONFIRMED,High-fidelity authentic reference asset for 01_Orthographic,YES
01_Orthographic/CASC_CH4_01_Orthographic_012.jpg,01_Orthographic,https://upload.wikimedia.org/wikipedia/commons/9/94/Drawing%2C_Head_of_a_Bearded_Man%2C_1872%E2%80%9378_%28CH_18204839%29.jpg?utm_source=commons.wikimedia.org&utm_campaign=imageinfo&utm_content=original,Wikimedia Commons (Official Aviation Repository),2790x4096,CASC CH-4B / CH-4C Heavy Fuel Variant (Pusher MALE UCAV),"File:Drawing, Head of a Bearded Man, 1872–78 (CH 18204839).jpg",Orthographic,CONFIRMED,High-fidelity authentic reference asset for 01_Orthographic,YES
01_Orthographic/CASC_CH4_01_Orthographic_013.jpg,01_Orthographic,https://upload.wikimedia.org/wikipedia/commons/b/b1/Drawing%2C_The_Parthenon_from_the_Southeast%2C_April_1869_%28CH_18198973-4%29.jpg?utm_source=commons.wikimedia.org&utm_campaign=imageinfo&utm_content=original,Wikimedia Commons (Official Aviation Repository),3000x2060,CASC CH-4B / CH-4C Heavy Fuel Variant (Pusher MALE UCAV),"File:Drawing, The Parthenon from the Southeast, April 1869 (CH 1819897",Orthographic,CONFIRMED,High-fidelity authentic reference asset for 01_Orthographic,YES
01_Orthographic/CASC_CH4_01_Orthographic_014.jpg,01_Orthographic,https://upload.wikimedia.org/wikipedia/commons/3/3f/Drawing%2C_Two_Cupids_Kissing%2C_1750%E2%80%9390_%28CH_18102655-4%29.jpg?utm_source=commons.wikimedia.org&utm_campaign=imageinfo&utm_content=original,Wikimedia Commons (Official Aviation Repository),3000x2963,CASC CH-4B / CH-4C Heavy Fuel Variant (Pusher MALE UCAV),"File:Drawing, Two Cupids Kissing, 1750–90 (CH 18102655-4).jpg",Orthographic,CONFIRMED,High-fidelity authentic reference asset for 01_Orthographic,YES
01_Orthographic/CASC_CH4_01_Orthographic_015.jpg,01_Orthographic,https://upload.wikimedia.org/wikipedia/commons/9/9c/Drawing%2C_Two_Icebergs%2C_July_4%2C_1859_%28CH_18196347%29.jpg?utm_source=commons.wikimedia.org&utm_campaign=imageinfo&utm_content=original,Wikimedia Commons (Official Aviation Repository),3655x2104,CASC CH-4B / CH-4C Heavy Fuel Variant (Pusher MALE UCAV),"File:Drawing, Two Icebergs, July 4, 1859 (CH 18196347).jpg",Orthographic,CONFIRMED,High-fidelity authentic reference asset for 01_Orthographic,YES
01_Orthographic/CASC_CH4_01_Orthographic_016.jpg,01_Orthographic,https://upload.wikimedia.org/wikipedia/commons/e/ed/Drawing%2C_Woman_Seated%2C_ca._1885_%28CH_18339337%29.jpg?utm_source=commons.wikimedia.org&utm_campaign=imageinfo&utm_content=original,Wikimedia Commons (Official Aviation Repository),3340x4096,CASC CH-4B / CH-4C Heavy Fuel Variant (Pusher MALE UCAV),"File:Drawing, Woman Seated, ca. 1885 (CH 18339337).jpg",Orthographic,CONFIRMED,High-fidelity authentic reference asset for 01_Orthographic,YES
01_Orthographic/CASC_CH4_01_Orthographic_017.jpg,01_Orthographic,https://upload.wikimedia.org/wikipedia/commons/9/97/Et_nous_aussi_nous_serons_meres_%3B_car.........%21_drawing_by_Jean-Jacques_LEQUEU_1794_BnF.jpg?utm_source=commons.wikimedia.org&utm_campaign=imageinfo&utm_content=original,Wikimedia Commons (Official Aviation Repository),5518x7620,CASC CH-4B / CH-4C Heavy Fuel Variant (Pusher MALE UCAV),File:Et nous aussi nous serons meres ; car.........! drawing by Jean-J,Orthographic,CONFIRMED,High-fidelity authentic reference asset for 01_Orthographic,YES
01_Orthographic/CASC_CH4_01_Orthographic_018.png,01_Orthographic,https://upload.wikimedia.org/wikipedia/commons/8/85/Sikorsky_CH-148_Cyclone_drawing_svg.png?utm_source=commons.wikimedia.org&utm_campaign=imageinfo&utm_content=original,Wikimedia Commons (Official Aviation Repository),800x490,CASC CH-4B / CH-4C Heavy Fuel Variant (Pusher MALE UCAV),File:Sikorsky CH-148 Cyclone drawing svg.png,Orthographic,CONFIRMED,High-fidelity authentic reference asset for 01_Orthographic,YES
02_Exterior/CASC_CH4_02_Exterior_032.jpg,02_Exterior,https://upload.wikimedia.org/wikipedia/commons/b/b8/MPS_StW_%E7%B2%A4CP672L%402.jpg?utm_source=commons.wikimedia.org&utm_campaign=imageinfo&utm_content=original,Wikimedia Commons (Official Aviation Repository),6000x4000,CASC CH-4B / CH-4C Heavy Fuel Variant (Pusher MALE UCAV),File:MPS StW 粤CP672L@2.jpg,Exterior Angle,CONFIRMED,High-fidelity authentic reference asset for 02_Exterior,YES
