TIMESTAMP_SEC,ENGINE_RPM,PROP_RPM,TPS,CHT_1,CHT_2,CHT_3,CHT_4,EGT_1,EGT_2,EGT_3,EGT_4,OIL_PRESS,OIL_TEMP,FUEL_FLOW,FUEL_RAIL_P,MAP,VIB_GEARBOX_RMS,BUS_VOLTAGE,BATTERY_CURRENT,FADEC_ACTIVE_LANE,ALTITUDE_FT,OAT_C,TAS_KNOTS,FLIGHT_PHASE,THEATER,DIAG_FAULT_ID,HEALTH_INDEX
1789551118.062,5154.2,2121.1,72.0,88.2,90.4,87.1,90.0,783.4,786.3,782.2,786.4,4.79,66.4,12.4,3.0,43.6,0.75,14.09,4.0,LANE_A,20000.0,-22.0,88.0,CRUISE_LOITER,LADAKH,2,0.98
1789551118.601,5150.0,2119.3,72.0,89.7,90.3,87.5,89.5,793.3,784.5,781.8,788.1,4.73,66.6,12.2,3.0,43.8,0.78,14.13,4.2,LANE_A,20000.0,-22.0,88.1,CRUISE_LOITER,LADAKH,2,0.93
1789551119.153,5127.9,2110.2,72.0,87.7,89.9,87.1,89.6,781.5,775.5,784.6,783.9,4.75,66.5,12.7,3.0,43.8,0.8,14.12,4.0,LANE_A,20000.0,-22.0,88.1,CRUISE_LOITER,LADAKH,3,0.96
1789551119.716,5157.7,2122.5,72.0,88.4,90.8,87.8,90.3,779.8,786.2,783.5,786.2,4.54,68.2,12.6,3.0,43.7,0.74,14.11,4.0,LANE_A,20000.0,-22.0,88.2,CRUISE_LOITER,LADAKH,4,0.95
1789551120.447,5177.8,2130.8,72.0,88.0,90.2,86.9,89.8,780.6,787.4,782.2,782.7,4.77,67.1,12.6,3.0,43.9,0.84,14.07,4.3,LANE_A,20000.0,-22.0,88.2,CRUISE_LOITER,LADAKH,5,0.98
1789551120.984,5148.6,2118.8,72.0,87.5,89.9,87.9,89.8,780.5,785.3,783.4,785.6,4.79,66.5,12.6,3.0,43.8,0.73,14.11,3.9,LANE_A,20000.0,-22.0,88.3,CRUISE_LOITER,LADAKH,6,0.99
1789551121.488,5142.5,2116.3,72.0,87.6,89.7,89.3,89.6,780.4,784.4,795.3,784.3,4.79,66.5,12.5,3.0,43.7,0.75,14.1,4.0,LANE_A,20000.0,-22.0,88.3,CRUISE_LOITER,LADAKH,6,0.95
1789551122.033,5167.8,2126.7,72.0,87.5,89.9,87.2,89.5,780.6,786.3,781.4,787.2,4.69,66.6,12.5,3.0,43.5,0.74,13.93,2.9,LANE_A,20000.0,-22.0,88.4,CRUISE_LOITER,LADAKH,7,0.97
1789551122.544,5153.2,2120.7,72.0,87.6,90.1,87.2,89.6,781.9,786.3,780.4,787.1,4.75,66.6,12.6,3.0,43.7,0.71,13.79,1.4,LANE_A,20000.0,-22.0,88.4,CRUISE_LOITER,LADAKH,7,0.93
1789551123.053,5150.3,2119.5,72.0,87.2,90.2,87.0,89.2,779.6,786.4,782.0,786.4,4.78,66.3,12.3,3.0,43.6,0.72,13.62,0.1,LANE_A,20000.0,-22.0,88.5,CRUISE_LOITER,LADAKH,7,0.9
1789551123.703,5137.1,2114.0,72.0,87.0,89.9,86.8,89.2,780.6,786.3,782.2,784.2,4.79,66.5,12.7,3.0,43.4,0.75,13.52,-1.1,LANE_A,20000.0,-22.0,88.5,CRUISE_LOITER,LADAKH,7,0.87
1789551124.733,5106.2,2101.3,72.0,87.4,89.7,86.9,89.5,779.8,783.4,781.9,784.6,4.81,66.2,12.5,3.0,43.5,0.74,13.3,-2.4,LANE_A,20000.0,-22.0,88.6,CRUISE_LOITER,LADAKH,7,0.83
1789551125.337,5126.0,2109.5,72.0,87.3,90.1,87.2,89.6,780.1,782.9,782.1,785.5,4.78,66.3,12.5,3.0,43.4,0.71,13.18,-3.5,LANE_A,20000.0,-22.0,88.6,CRUISE_LOITER,LADAKH,7,0.8
1789551125.853,5123.0,2108.2,72.0,87.5,90.1,86.9,89.6,780.3,785.2,783.0,783.4,4.85,66.2,12.4,3.0,43.6,0.7,13.04,-4.9,LANE_A,20000.0,-22.0,88.7,CRUISE_LOITER,LADAKH,7,0.77
1789551126.359,5141.4,2115.8,72.0,87.5,90.0,86.7,89.7,780.6,785.2,782.5,785.0,4.77,66.2,12.4,3.0,43.6,0.72,12.9,-6.3,LANE_A,20000.0,-22.0,88.7,CRUISE_LOITER,LADAKH,7,0.73
1789551126.862,5103.2,2100.1,72.0,87.5,89.9,87.3,89.3,781.0,786.2,779.5,786.3,4.78,66.1,12.5,3.0,43.5,0.75,12.71,-7.6,LANE_A,20000.0,-22.0,88.8,CRUISE_LOITER,LADAKH,7,0.7
1789551127.373,5126.7,2109.8,72.0,87.6,89.6,86.7,89.1,782.7,782.7,782.4,786.0,4.73,66.0,12.5,3.0,43.5,0.72,12.54,-8.8,LANE_A,20000.0,-22.0,88.8,CRUISE_LOITER,LADAKH,7,0.67
1789551127.883,5129.5,2110.9,72.0,87.8,89.6,87.1,89.1,782.4,785.3,783.5,785.9,4.75,66.3,12.6,3.0,43.8,0.7,12.41,-10.2,LANE_A,20000.0,-22.0,88.9,CRUISE_LOITER,LADAKH,7,0.63
1789551128.393,5107.0,2101.6,72.0,87.3,89.6,86.9,89.2,780.0,783.8,783.7,784.5,4.79,66.1,12.6,3.0,43.6,0.75,12.25,-11.3,LANE_A,20000.0,-22.0,88.9,CRUISE_LOITER,LADAKH,7,0.6
1789551128.907,5118.9,2106.5,72.0,87.2,89.7,86.9,89.3,780.0,786.6,783.0,785.9,4.74,66.2,12.5,3.0,43.5,0.72,12.24,-11.5,LANE_A,20000.0,-22.0,89.0,CRUISE_LOITER,LADAKH,7,0.6
1789551129.42,5144.9,2117.2,72.0,87.3,89.6,86.5,89.1,781.3,782.7,782.6,786.5,4.81,66.0,12.5,3.0,43.6,0.74,12.24,-11.5,LANE_A,20000.0,-22.0,89.0,CRUISE_LOITER,LADAKH,7,0.6
1789551129.935,5125.7,2109.3,72.0,87.2,89.6,86.7,89.0,781.4,788.0,782.0,784.0,4.79,66.1,12.6,3.0,43.6,0.7,12.24,-11.6,LANE_A,20000.0,-22.0,89.1,CRUISE_LOITER,LADAKH,7,0.6
1789551130.467,5105.6,2101.1,72.0,86.8,89.8,86.9,89.6,780.1,782.5,784.9,785.0,4.83,66.0,12.5,3.0,43.5,0.74,12.25,-11.4,LANE_A,20000.0,-22.0,89.1,CRUISE_LOITER,LADAKH,7,0.6
1789551130.979,5133.3,2112.5,72.0,87.2,89.7,86.5,89.4,781.9,784.2,780.5,785.8,4.8,66.2,12.6,3.0,43.4,0.71,12.24,-11.5,LANE_A,20000.0,-22.0,89.2,CRUISE_LOITER,LADAKH,7,0.6
1789551131.497,5150.0,2119.3,72.0,87.1,89.3,86.4,89.2,778.9,786.7,782.0,783.8,4.79,65.9,12.4,3.0,43.6,0.73,12.24,-11.5,LANE_A,20000.0,-22.0,89.2,CRUISE_LOITER,LADAKH,7,0.6
1789551132.017,5123.1,2108.3,72.0,86.8,89.6,86.6,89.0,781.9,786.0,783.4,786.9,4.8,65.8,12.6,3.0,43.6,0.74,12.22,-11.7,LANE_A,20000.0,-22.0,89.3,CRUISE_LOITER,LADAKH,7,0.6
1789551132.571,5122.5,2108.0,72.0,86.9,89.8,86.7,89.2,781.6,785.8,781.5,786.6,4.8,65.9,12.5,3.0,43.3,0.71,12.25,-11.3,LANE_A,20000.0,-22.0,89.3,CRUISE_LOITER,LADAKH,7,0.6
1789551133.106,5125.4,2109.2,72.0,87.2,89.5,86.3,88.9,777.5,784.4,782.0,786.7,4.75,65.8,12.5,3.0,43.5,0.73,12.21,-11.4,LANE_A,20000.0,-22.0,89.4,CRUISE_LOITER,LADAKH,7,0.6
1789551133.642,5131.5,2111.7,72.0,86.7,89.7,86.6,89.2,780.9,783.4,782.4,785.0,4.7,66.1,12.6,3.0,43.5,0.76,12.24,-11.4,LANE_A,20000.0,-22.0,89.4,CRUISE_LOITER,LADAKH,7,0.6
1789551134.179,5104.5,2100.6,72.0,86.8,89.4,86.5,88.9,780.8,786.8,781.4,786.4,4.74,66.0,12.6,3.0,43.5,0.73,12.26,-11.6,LANE_A,20000.0,-22.0,89.5,CRUISE_LOITER,LADAKH,7,0.6
1789551134.765,5126.2,2109.5,72.0,86.5,89.4,86.2,89.2,778.1,783.6,781.6,784.3,4.77,65.9,12.4,3.0,43.2,0.71,12.26,-11.4,LANE_A,20000.0,-22.0,89.5,CRUISE_LOITER,LADAKH,7,0.6
1789551135.47,5123.3,2108.4,72.0,86.9,89.5,86.3,89.0,780.9,785.5,782.1,786.6,4.8,65.6,12.5,3.0,43.1,0.76,12.27,-11.6,LANE_A,20000.0,-22.0,89.6,CRUISE_LOITER,LADAKH,7,0.6
1789551136.032,5105.0,2100.8,72.0,86.9,89.2,86.4,88.7,781.4,785.3,782.1,783.3,4.77,65.7,12.4,3.0,43.5,0.75,12.23,-11.6,LANE_A,20000.0,-22.0,89.6,CRUISE_LOITER,LADAKH,7,0.6
1789551136.563,5114.1,2104.6,72.0,87.1,89.0,86.9,88.9,780.0,785.0,782.1,784.6,4.77,65.6,12.4,3.0,43.2,0.74,12.23,-11.6,LANE_A,20000.0,-22.0,89.7,CRUISE_LOITER,LADAKH,7,0.6
1789551137.129,5140.3,2115.3,72.0,86.8,89.1,86.3,88.9,780.0,783.5,781.0,787.2,4.79,65.8,12.5,3.0,43.4,0.73,12.25,-11.4,LANE_A,20000.0,-22.0,89.7,CRUISE_LOITER,LADAKH,7,0.6
1789551137.733,5130.1,2111.2,72.0,86.8,89.2,85.8,88.5,780.1,785.3,781.6,785.0,4.8,65.8,12.5,3.0,43.4,0.75,12.27,-11.5,LANE_A,20000.0,-22.0,89.8,CRUISE_LOITER,LADAKH,7,0.6
1789551138.314,5133.8,2112.7,72.0,86.9,89.2,86.2,88.6,778.9,784.9,783.5,785.7,4.79,65.7,12.4,3.0,43.5,0.71,12.26,-11.5,LANE_A,20000.0,-22.0,89.8,CRUISE_LOITER,LADAKH,7,0.6
1789551139.181,5128.5,2110.5,72.0,86.9,89.2,86.0,88.9,779.6,785.1,784.3,783.1,4.77,65.7,12.6,3.0,43.5,0.73,12.25,-11.4,LANE_A,20000.0,-22.0,89.9,CRUISE_LOITER,LADAKH,7,0.6
1789551139.704,5142.7,2116.3,72.0,87.0,89.0,86.3,88.5,781.1,786.8,783.0,784.6,4.79,65.3,12.5,3.0,43.5,0.72,12.26,-11.3,LANE_A,20000.0,-22.0,89.9,CRUISE_LOITER,LADAKH,7,0.6
1789551140.224,5134.9,2113.1,72.0,86.7,89.0,86.5,88.8,780.0,784.1,782.2,782.9,4.8,65.7,12.5,3.0,43.5,0.71,12.26,-11.7,LANE_A,20000.0,-22.0,89.9,CRUISE_LOITER,LADAKH,7,0.6
1789551140.955,5129.2,2110.8,72.0,86.8,89.2,86.0,88.9,781.7,785.8,780.8,783.6,4.8,65.5,12.6,3.0,43.3,0.73,12.25,-11.5,LANE_A,20000.0,-22.0,90.0,CRUISE_LOITER,LADAKH,7,0.6
1789551141.518,5136.5,2113.8,72.0,86.6,89.2,86.0,88.8,780.8,785.5,783.0,784.5,4.7,65.5,12.3,3.0,43.3,0.7,12.27,-11.4,LANE_A,20000.0,-22.0,90.0,CRUISE_LOITER,LADAKH,7,0.6
1789551142.097,5131.7,2111.8,72.0,86.4,88.8,86.1,88.7,779.9,784.0,781.1,784.9,4.86,65.4,12.5,3.0,43.1,0.74,12.26,-11.5,LANE_A,20000.0,-22.0,90.1,CRUISE_LOITER,LADAKH,7,0.6
1789551142.659,5135.3,2113.3,72.0,86.5,89.0,86.5,88.5,780.1,785.0,782.3,783.7,4.79,65.6,12.4,3.0,43.0,0.72,12.26,-11.5,LANE_A,20000.0,-22.0,90.1,CRUISE_LOITER,LADAKH,7,0.6
1789551143.191,5116.1,2105.4,72.0,86.6,88.9,86.3,88.7,780.4,785.6,781.7,786.1,4.79,65.5,12.6,3.0,43.2,0.73,12.26,-11.6,LANE_A,20000.0,-22.0,90.2,CRUISE_LOITER,LADAKH,7,0.6
1789551143.723,5124.1,2108.7,72.0,86.9,89.2,86.0,88.6,778.8,785.9,783.8,785.8,4.79,65.5,12.5,3.0,43.0,0.71,12.24,-11.4,LANE_A,20000.0,-22.0,90.2,CRUISE_LOITER,LADAKH,7,0.6
1789551144.237,5124.0,2108.6,72.0,86.5,89.0,86.1,88.5,781.1,785.2,783.1,785.7,4.8,65.6,12.5,3.0,43.3,0.76,12.24,-11.4,LANE_A,20000.0,-22.0,90.3,CRUISE_LOITER,LADAKH,7,0.6
1789551144.74,5148.3,2118.6,72.0,86.8,89.0,85.8,88.3,782.1,784.7,783.8,782.5,4.81,65.5,12.4,3.0,43.2,0.7,12.25,-11.6,LANE_A,20000.0,-22.0,90.3,CRUISE_LOITER,LADAKH,7,0.6
1789551145.244,5145.6,2117.5,72.0,86.7,88.8,85.9,88.2,779.9,783.9,782.3,785.3,4.77,65.5,12.4,3.0,43.2,0.71,12.29,-11.5,LANE_A,20000.0,-22.0,90.4,CRUISE_LOITER,LADAKH,7,0.6
1789551145.768,5152.1,2120.2,72.0,86.2,88.9,86.0,88.2,780.2,785.6,780.4,785.8,4.77,65.1,12.4,3.0,43.3,0.72,12.24,-11.3,LANE_A,20000.0,-22.0,90.4,CRUISE_LOITER,LADAKH,7,0.6
1789551146.278,5150.7,2119.6,72.0,86.4,88.8,85.9,88.4,779.7,783.1,779.2,784.2,4.78,65.4,12.5,3.0,43.3,0.7,12.28,-11.5,LANE_A,20000.0,-22.0,90.4,CRUISE_LOITER,LADAKH,7,0.6
1789551146.78,5156.1,2121.9,72.0,86.5,88.9,85.4,88.3,780.1,785.5,781.6,788.0,4.83,65.1,12.6,3.0,43.1,0.74,12.25,-11.4,LANE_A,20000.0,-22.0,90.5,CRUISE_LOITER,LADAKH,7,0.6
1789551147.299,5148.1,2118.6,72.0,86.6,88.9,85.8,88.3,779.5,785.6,781.9,785.0,4.84,65.1,12.4,3.0,43.2,0.73,12.22,-11.7,LANE_A,20000.0,-22.0,90.5,CRUISE_LOITER,LADAKH,7,0.6
1789551147.854,5130.4,2111.3,72.0,86.1,88.8,85.8,88.5,779.4,788.2,780.8,784.2,4.78,65.0,12.3,3.0,42.9,0.73,12.26,-11.5,LANE_A,20000.0,-22.0,90.6,CRUISE_LOITER,LADAKH,7,0.6
1789551148.375,5142.9,2116.4,72.0,86.2,89.1,85.7,88.2,778.8,785.4,783.4,785.9,4.82,65.1,12.4,3.0,43.0,0.71,12.27,-11.5,LANE_A,20000.0,-22.0,90.6,CRUISE_LOITER,LADAKH,7,0.6
1789551148.874,5117.0,2105.8,72.0,86.2,88.9,85.8,88.0,781.6,784.0,781.4,785.3,4.8,65.2,12.5,3.0,43.1,0.71,12.26,-11.5,LANE_A,20000.0,-22.0,90.7,CRUISE_LOITER,LADAKH,7,0.6
1789551149.46,5147.4,2118.3,72.0,86.4,88.5,85.6,88.2,780.2,784.7,782.9,785.7,4.75,65.0,12.5,3.0,43.0,0.75,12.24,-11.4,LANE_A,20000.0,-22.0,90.7,CRUISE_LOITER,LADAKH,7,0.6
1789551149.996,5129.1,2110.7,72.0,86.1,88.8,85.9,88.2,781.7,786.0,781.3,784.3,4.8,65.1,12.4,3.0,43.1,0.72,12.26,-11.5,LANE_A,20000.0,-22.0,90.7,CRUISE_LOITER,LADAKH,7,0.6
1789551150.69,5127.9,2110.2,72.0,86.2,89.0,85.8,88.1,780.0,785.3,782.5,783.1,4.87,65.0,12.4,3.0,43.0,0.73,12.25,-11.4,LANE_A,20000.0,-22.0,90.8,CRUISE_LOITER,LADAKH,7,0.6
1789551151.561,5132.7,2112.2,72.0,86.3,88.4,85.7,88.0,779.0,785.4,783.7,785.7,4.78,65.5,12.4,3.0,43.0,0.73,12.27,-11.4,LANE_A,20000.0,-22.0,90.8,CRUISE_LOITER,LADAKH,7,0.6
1789551152.34,5170.0,2127.6,72.0,85.6,88.7,85.4,88.4,781.2,786.5,781.1,786.9,4.8,65.1,12.5,3.0,43.1,0.72,12.25,-11.6,LANE_A,20000.0,-22.0,90.9,CRUISE_LOITER,LADAKH,7,0.6
1789551153.054,5141.4,2115.8,72.0,86.2,88.4,85.6,88.5,779.5,787.7,781.4,783.5,4.82,64.8,12.4,3.0,43.1,0.71,12.24,-11.4,LANE_A,20000.0,-22.0,90.9,CRUISE_LOITER,LADAKH,7,0.6
1789551153.731,5130.1,2111.2,72.0,86.2,88.6,85.2,88.1,779.7,784.9,783.0,784.2,4.85,65.0,12.4,3.0,42.8,0.74,12.26,-11.4,LANE_A,20000.0,-22.0,90.9,CRUISE_LOITER,LADAKH,7,0.6
1789551154.28,5139.5,2115.0,72.0,85.9,88.4,85.3,88.1,778.0,783.3,784.2,786.6,4.78,65.0,12.5,3.0,43.0,0.72,12.26,-11.4,LANE_A,20000.0,-22.0,91.0,CRUISE_LOITER,LADAKH,7,0.6
1789551156.602,5143.1,2116.5,72.0,85.8,88.7,85.7,87.9,778.6,784.2,784.2,785.5,4.79,64.9,12.5,3.0,42.9,0.72,12.23,-11.6,LANE_A,20000.0,-22.0,91.0,CRUISE_LOITER,LADAKH,7,0.6
1789551157.166,5129.8,2111.0,72.0,85.9,88.4,85.5,87.8,780.5,785.0,779.9,784.5,4.82,65.2,12.3,3.0,42.8,0.72,12.23,-11.5,LANE_A,20000.0,-22.0,91.1,CRUISE_LOITER,LADAKH,7,0.6
1789551157.757,5132.5,2112.1,72.0,86.0,88.6,85.5,87.9,779.7,783.6,781.3,786.6,4.78,65.0,12.2,3.0,42.7,0.71,12.25,-11.4,LANE_A,20000.0,-22.0,91.1,CRUISE_LOITER,LADAKH,7,0.6
1789551158.284,5142.8,2116.4,72.0,86.0,88.4,85.9,87.9,778.3,786.2,781.5,783.3,4.79,65.0,12.4,3.0,42.9,0.71,12.24,-11.6,LANE_A,20000.0,-22.0,91.1,CRUISE_LOITER,LADAKH,7,0.6
1789551158.829,5130.5,2111.3,72.0,86.0,88.2,85.1,87.9,778.8,785.1,782.5,784.0,4.76,65.0,12.4,3.0,42.8,0.76,12.25,-11.2,LANE_A,20000.0,-22.0,91.2,CRUISE_LOITER,LADAKH,7,0.6
1789551159.385,5128.9,2110.7,72.0,86.0,88.5,85.4,87.9,778.7,784.6,782.1,785.9,4.77,64.7,12.4,3.0,43.0,0.71,12.26,-11.4,LANE_A,20000.0,-22.0,91.2,CRUISE_LOITER,LADAKH,7,0.6
1789551159.927,5133.3,2112.5,72.0,85.8,88.8,85.7,87.7,778.5,785.5,780.5,784.0,4.88,64.8,12.3,3.0,43.0,0.73,12.27,-11.4,LANE_A,20000.0,-22.0,91.3,CRUISE_LOITER,LADAKH,7,0.6
1789551160.533,5149.5,2119.1,72.0,85.6,88.2,85.1,88.0,779.7,785.5,782.8,784.5,4.81,64.7,12.4,3.0,42.9,0.75,12.26,-11.5,LANE_A,20000.0,-22.0,91.3,CRUISE_LOITER,LADAKH,7,0.6
1789551161.107,5122.8,2108.1,72.0,85.7,88.5,85.3,88.0,782.0,783.1,783.0,785.3,4.79,64.7,12.2,3.0,42.8,0.74,12.24,-11.6,LANE_A,20000.0,-22.0,91.3,CRUISE_LOITER,LADAKH,7,0.6
1789551161.733,5128.6,2110.5,72.0,85.8,88.3,85.0,87.6,781.5,784.3,781.2,784.4,4.83,64.7,12.4,3.0,42.9,0.72,12.22,-11.4,LANE_A,20000.0,-22.0,91.4,CRUISE_LOITER,LADAKH,7,0.6
1789551163.986,5148.7,2118.8,72.0,85.7,88.2,85.4,88.1,777.7,785.6,779.9,783.4,4.76,64.8,12.5,3.0,43.0,0.73,12.23,-11.6,LANE_A,20000.0,-22.0,91.4,CRUISE_LOITER,LADAKH,7,0.6
1789551164.505,5144.6,2117.1,72.0,85.5,88.4,85.1,87.7,780.7,782.0,781.6,783.6,4.8,64.7,12.4,3.0,42.7,0.73,12.29,-11.4,LANE_A,20000.0,-22.0,91.4,CRUISE_LOITER,LADAKH,7,0.6
1789551165.018,5139.3,2114.9,72.0,85.5,88.2,85.4,87.8,780.1,784.9,781.0,785.5,4.83,64.7,12.4,3.0,42.9,0.72,12.3,-11.4,LANE_A,20000.0,-22.0,91.5,CRUISE_LOITER,LADAKH,7,0.6
1789551165.529,5122.1,2107.9,72.0,85.9,88.3,85.4,87.9,779.9,785.3,781.5,783.7,4.78,64.6,12.4,3.0,42.7,0.73,12.24,-11.4,LANE_A,20000.0,-22.0,91.5,CRUISE_LOITER,LADAKH,7,0.6
1789551166.033,5127.0,2109.9,72.0,85.7,88.2,84.9,87.5,779.3,782.2,782.2,783.5,4.79,64.3,12.3,3.0,42.9,0.73,12.28,-11.5,LANE_A,20000.0,-22.0,91.6,CRUISE_LOITER,LADAKH,7,0.6
1789551166.55,5127.1,2109.9,72.0,85.6,88.0,85.2,87.7,777.6,785.4,781.4,781.9,4.84,64.6,12.3,3.0,42.7,0.73,12.26,-11.5,LANE_A,20000.0,-22.0,91.6,CRUISE_LOITER,LADAKH,7,0.6
1789551167.059,5156.9,2122.2,72.0,85.9,88.3,85.3,87.5,777.3,785.0,781.3,785.8,4.78,64.4,12.4,3.0,42.8,0.71,12.23,-11.5,LANE_A,20000.0,-22.0,91.6,CRUISE_LOITER,LADAKH,7,0.6
1789551167.57,5136.8,2113.9,72.0,85.6,88.2,84.7,87.3,778.9,785.0,782.5,786.7,4.78,65.0,12.4,3.0,42.7,0.74,12.28,-11.4,LANE_A,20000.0,-22.0,91.7,CRUISE_LOITER,LADAKH,7,0.6
1789551168.08,5172.3,2128.5,72.0,85.7,88.2,85.1,87.4,779.4,785.1,785.2,786.4,4.81,64.4,12.3,3.0,42.6,0.73,12.26,-11.5,LANE_A,20000.0,-22.0,91.7,CRUISE_LOITER,LADAKH,7,0.6
1789551168.594,5123.8,2108.6,72.0,85.5,87.6,85.1,87.2,779.1,785.6,780.3,783.4,4.75,64.6,12.3,3.0,42.8,0.71,12.25,-11.4,LANE_A,20000.0,-22.0,91.7,CRUISE_LOITER,LADAKH,7,0.6
1789551169.107,5142.0,2116.0,72.0,85.2,88.2,85.3,87.3,780.9,782.7,783.5,783.1,4.76,64.6,12.3,3.0,42.8,0.7,12.24,-11.4,LANE_A,20000.0,-22.0,91.8,CRUISE_LOITER,LADAKH,7,0.6
1789551169.619,5148.1,2118.6,72.0,85.6,88.2,85.2,87.3,779.5,785.0,782.7,784.1,4.82,64.5,12.4,3.0,42.8,0.76,12.25,-11.2,LANE_A,20000.0,-22.0,91.8,CRUISE_LOITER,LADAKH,7,0.6
1789551170.133,5159.5,2123.3,72.0,85.5,87.8,85.0,87.5,780.9,783.3,781.2,783.8,4.77,64.5,12.4,3.0,43.0,0.75,12.25,-11.5,LANE_A,20000.0,-22.0,91.8,CRUISE_LOITER,LADAKH,7,0.6
1789551170.646,5142.8,2116.4,72.0,85.5,88.0,84.8,87.6,778.0,784.4,780.7,783.7,4.82,64.5,12.3,3.0,42.5,0.76,12.28,-11.5,LANE_A,20000.0,-22.0,91.9,CRUISE_LOITER,LADAKH,7,0.6
1789551171.158,5140.7,2115.5,72.0,85.5,87.9,85.2,87.4,781.4,785.6,783.3,785.5,4.83,64.2,12.4,3.0,42.6,0.71,12.25,-11.4,LANE_A,20000.0,-22.0,91.9,CRUISE_LOITER,LADAKH,7,0.6
1789551171.687,5134.6,2113.0,72.0,85.6,88.1,84.9,87.7,779.0,782.4,783.6,784.4,4.79,64.3,12.3,3.0,42.4,0.73,12.25,-11.4,LANE_A,20000.0,-22.0,91.9,CRUISE_LOITER,LADAKH,7,0.6
1789551172.219,5151.9,2120.1,72.0,85.3,87.8,84.9,87.4,780.1,782.8,782.2,784.1,4.8,64.3,12.3,3.0,42.7,0.72,12.27,-11.5,LANE_A,20000.0,-22.0,91.9,CRUISE_LOITER,LADAKH,7,0.6
1789551172.741,5156.0,2121.8,72.0,85.5,87.8,85.0,87.5,778.4,785.5,779.9,784.7,4.79,64.5,12.3,3.0,42.5,0.72,12.27,-11.6,LANE_A,20000.0,-22.0,92.0,CRUISE_LOITER,LADAKH,7,0.6
1789551173.247,5149.4,2119.1,72.0,85.5,87.6,84.7,87.3,779.6,785.9,780.2,783.8,4.83,64.3,12.3,3.0,42.6,0.73,12.22,-11.6,LANE_A,20000.0,-22.0,92.0,CRUISE_LOITER,LADAKH,7,0.6
1789551173.843,5146.0,2117.7,72.0,85.5,87.4,84.8,87.5,777.9,783.7,781.8,785.1,4.8,64.4,12.4,3.0,42.6,0.71,12.25,-11.4,LANE_A,20000.0,-22.0,92.0,CRUISE_LOITER,LADAKH,7,0.6
1789551174.336,5164.5,2125.3,72.0,85.2,87.9,84.8,87.3,777.8,785.6,781.5,785.4,4.84,64.3,12.3,3.0,42.5,0.71,12.24,-11.5,LANE_A,20000.0,-22.0,92.1,CRUISE_LOITER,LADAKH,7,0.6
1789551174.88,5149.2,2119.0,72.0,85.0,87.7,84.7,87.3,779.8,787.1,781.5,784.7,4.78,64.6,12.4,3.0,42.9,0.71,12.23,-11.5,LANE_A,20000.0,-22.0,92.1,CRUISE_LOITER,LADAKH,7,0.6
1789551175.384,5128.9,2110.7,72.0,85.2,87.9,84.9,87.4,778.6,784.4,781.5,784.3,4.81,64.2,12.2,3.0,42.7,0.72,12.27,-11.4,LANE_A,20000.0,-22.0,92.1,CRUISE_LOITER,LADAKH,7,0.6
