TIMESTAMP_SEC,ELAPSED_SEC,ALTITUDE_M,ALTITUDE_FT,AGL_M,AIRSPEED_KIAS,GROUND_SPEED_MS,HEADING_DEG,PITCH_DEG,ROLL_DEG,ENGINE_RPM,THROTTLE_PCT,CHT_C,CHT_RATE_C_S,OIL_PRESS_BAR,FUEL_FLOW_LH,RADAR_FWD_M,TTI_SEC,COPILOT_ON,MISSION_PHASE
1788376895.239,0.0,5800.0,18938.0,1192.0,264.0,1900.0,214.0,0.0,0.0,5200.0,80.0,104.2,0.0,4.2,22.8,22000.0,99.0,1,HIGH CRUISE
1788376895.239,0.0,5800.0,18848.0,1192.0,264.0,1900.0,214.0,0.0,0.0,5200.0,80.0,104.2,0.0,4.2,22.8,22000.0,99.0,1,HIGH CRUISE
1788376895.239,0.0,5800.0,18758.0,1192.0,264.0,1900.0,214.0,0.0,0.0,5200.0,80.0,104.2,0.0,4.2,22.8,22000.0,99.0,1,HIGH CRUISE
1788376895.239,0.0,5800.0,18668.0,1192.0,264.0,1900.0,214.0,0.0,0.0,5200.0,80.0,104.2,0.0,4.2,22.8,22000.0,99.0,1,HIGH CRUISE
1788376895.239,0.0,5800.0,18578.0,1192.0,264.0,1900.0,214.0,0.0,0.0,5200.0,80.0,104.2,0.0,4.2,22.8,22000.0,99.0,1,HIGH CRUISE
1788376895.239,0.0,5800.0,18488.0,1192.0,264.0,1900.0,214.0,0.0,0.0,5200.0,80.0,104.2,0.0,4.2,22.8,22000.0,99.0,1,HIGH CRUISE
1788376895.239,0.0,5800.0,18398.0,1192.0,264.0,1900.0,214.0,0.0,0.0,5200.0,80.0,104.2,0.0,4.2,22.8,22000.0,99.0,1,HIGH CRUISE
1788376895.239,0.0,5800.0,18308.0,1192.0,264.0,1900.0,214.0,0.0,0.0,5200.0,80.0,104.2,0.0,4.2,22.8,22000.0,99.0,1,HIGH CRUISE
1788376895.239,0.0,5800.0,18218.0,1192.0,264.0,1900.0,214.0,0.0,0.0,5200.0,80.0,104.2,0.0,4.2,22.8,22000.0,99.0,1,HIGH CRUISE
1788376895.239,0.0,5800.0,18128.0,1192.0,264.0,1900.0,214.0,0.0,0.0,5200.0,80.0,104.2,0.0,4.2,22.8,22000.0,99.0,1,HIGH CRUISE
1788376895.239,0.0,5800.0,18038.0,1192.0,264.0,1900.0,214.0,0.0,0.0,5200.0,80.0,105.8,0.42,4.2,22.8,22000.0,99.0,1,HIGH CRUISE
1788376895.239,0.0,5800.0,17948.0,1192.0,264.0,1900.0,214.0,0.0,0.0,5200.0,80.0,107.4,0.42,4.2,22.8,22000.0,99.0,1,HIGH CRUISE
1788376895.239,0.0,5800.0,17858.0,1192.0,264.0,1900.0,214.0,0.0,0.0,5200.0,80.0,109.0,0.42,4.2,22.8,22000.0,99.0,1,HIGH CRUISE
1788376895.239,0.0,5800.0,17768.0,1192.0,264.0,1900.0,214.0,0.0,0.0,5200.0,80.0,110.6,0.42,4.2,22.8,22000.0,99.0,1,HIGH CRUISE
1788376895.239,0.0,5800.0,17678.0,1192.0,264.0,1900.0,214.0,0.0,0.0,5200.0,80.0,112.2,0.42,4.2,22.8,22000.0,99.0,1,HIGH CRUISE
1788376895.239,0.0,5800.0,17588.0,1192.0,264.0,1900.0,214.0,0.0,0.0,5200.0,80.0,113.8,0.42,4.2,22.8,22000.0,99.0,1,HIGH CRUISE
1788376895.239,0.0,5800.0,17498.0,1192.0,264.0,1900.0,214.0,0.0,0.0,5200.0,80.0,115.4,0.42,4.2,22.8,22000.0,99.0,1,HIGH CRUISE
1788376895.239,0.0,5800.0,17408.0,1192.0,264.0,1900.0,214.0,0.0,0.0,5200.0,80.0,117.0,0.42,4.2,22.8,22000.0,99.0,1,HIGH CRUISE
1788376895.239,0.0,5800.0,17318.0,1192.0,264.0,1900.0,214.0,0.0,0.0,5200.0,80.0,118.6,0.42,4.2,22.8,22000.0,99.0,1,HIGH CRUISE
1788376895.239,0.0,5800.0,17228.0,1192.0,264.0,1900.0,214.0,0.0,0.0,5200.0,80.0,120.2,0.42,4.2,22.8,22000.0,99.0,1,HIGH CRUISE
1788376895.239,0.0,5800.0,17138.0,1192.0,264.0,1900.0,214.0,0.0,0.0,5200.0,80.0,121.8,0.42,4.2,22.8,22000.0,99.0,1,HIGH CRUISE
1788376895.239,0.0,5800.0,17048.0,1192.0,264.0,1900.0,214.0,0.0,0.0,5200.0,80.0,123.4,0.42,4.2,22.8,22000.0,99.0,1,HIGH CRUISE
1788376895.239,0.0,5800.0,16958.0,1192.0,264.0,1900.0,214.0,0.0,0.0,5200.0,80.0,125.0,0.42,4.2,22.8,22000.0,99.0,1,HIGH CRUISE
1788376895.239,0.0,5800.0,16868.0,1192.0,264.0,1900.0,214.0,0.0,0.0,5200.0,80.0,126.6,0.42,4.2,22.8,22000.0,99.0,1,HIGH CRUISE
1788376895.239,0.0,5800.0,16778.0,240.0,264.0,1900.0,214.0,0.0,0.0,5200.0,80.0,128.2,0.42,4.2,22.8,22000.0,5.2,1,HIGH CRUISE
1788376895.239,0.0,5800.0,16688.0,240.0,264.0,1900.0,214.0,0.0,0.0,5200.0,80.0,129.8,0.42,4.2,22.8,22000.0,5.2,1,HIGH CRUISE
1788376895.239,0.0,5800.0,16598.0,240.0,264.0,1900.0,214.0,0.0,0.0,5200.0,80.0,131.4,0.42,4.2,22.8,22000.0,5.2,1,HIGH CRUISE
1788376895.239,0.0,5800.0,16508.0,120.0,264.0,1900.0,214.0,0.0,0.0,5200.0,80.0,133.0,0.42,4.2,22.8,22000.0,5.2,1,HIGH CRUISE
1788376895.239,0.0,5800.0,16418.0,120.0,264.0,1900.0,214.0,0.0,0.0,5200.0,80.0,134.6,0.42,4.2,22.8,22000.0,5.2,1,HIGH CRUISE
1788376895.239,0.0,5800.0,16328.0,120.0,264.0,1900.0,214.0,0.0,0.0,5200.0,80.0,136.2,0.42,4.2,22.8,22000.0,5.2,1,HIGH CRUISE
1788376895.239,0.0,5800.0,16238.0,120.0,264.0,1900.0,214.0,0.0,0.0,5200.0,80.0,137.8,0.42,4.2,22.8,22000.0,5.2,1,HIGH CRUISE
1788376895.239,0.0,5800.0,16148.0,120.0,264.0,1900.0,214.0,0.0,0.0,5200.0,80.0,139.4,0.42,4.2,22.8,22000.0,5.2,1,HIGH CRUISE
1788376895.239,0.0,5800.0,16058.0,120.0,264.0,1900.0,214.0,0.0,0.0,5200.0,80.0,141.0,0.42,4.2,22.8,22000.0,5.2,1,HIGH CRUISE
1788376895.239,0.0,5800.0,15968.0,120.0,264.0,1900.0,214.0,0.0,0.0,5200.0,80.0,142.6,0.42,4.2,22.8,22000.0,5.2,1,HIGH CRUISE
1788376895.239,0.0,5800.0,15878.0,120.0,264.0,1900.0,214.0,0.0,0.0,5200.0,80.0,144.2,0.42,4.2,22.8,22000.0,5.2,1,HIGH CRUISE
1788376895.239,0.0,5800.0,15788.0,120.0,264.0,1900.0,214.0,0.0,0.0,5200.0,80.0,145.8,0.42,4.2,22.8,22000.0,5.2,1,HIGH CRUISE
1788376895.239,0.0,5800.0,15698.0,120.0,264.0,1900.0,214.0,0.0,0.0,5200.0,80.0,147.4,0.42,4.2,22.8,22000.0,5.2,1,HIGH CRUISE
1788376895.239,0.0,5800.0,15608.0,120.0,264.0,1900.0,214.0,0.0,0.0,5200.0,80.0,149.0,0.42,4.2,22.8,22000.0,5.2,1,HIGH CRUISE
1788376895.239,0.0,5800.0,15518.0,120.0,264.0,1900.0,214.0,0.0,0.0,5200.0,80.0,150.6,0.42,4.2,22.8,22000.0,5.2,1,HIGH CRUISE
1788376895.239,0.0,5800.0,15428.0,120.0,264.0,1900.0,214.0,0.0,0.0,5200.0,80.0,152.2,0.42,4.2,22.8,22000.0,5.2,1,HIGH CRUISE
